{
  "image": "topview.png",
  "bounds": {
    "north": 37.55942883394604,
    "south": 37.5590310258859,
    "east": 126.99472674629556,
    "west": 126.9943410610523
  }
}